event_id,event_name,club_name,category,date,start_time,end_time,address,description
51741,LCA x LBO Alumni Night,LCA,Other,29 March,"Sun, 29 Mar 2026 12:00 PM","Sun, 29 Mar 2026 3:00 PM","Wilfrid Laurier University Waterloo Campus, University Avenue West, Waterloo, ON, Canada","Curious about where a science degree from Laurier can take you? Join us for Laurier Science Alumni Night, where alumni from a variety of science backgrounds will share their career journeys, experiences after graduation, and insights into life beyond undergrad. This is a great opportunity to learn about different career paths, ask honest questions, and gain advice on grad school, professional programs, and entering the workforce."
56668,Leaders of Laurier Pitch Night,Leaders of Laurier (Waterloo),Sport/Competition,29 March,"Sun, 29 Mar 2026 12:00 PM","Sun, 29 Mar 2026 3:00 PM","Wilfrid Laurier University Waterloo Campus, University Avenue West, Waterloo, ON, Canada","Leaders of Laurier Pitch Night is a flagship competition where students present real ventures and initiatives to a panel of judges for prizes and recognition. Finalists will deliver short pitches followed by a Q&A with judges, with projects evaluated based on execution, impact, feasibility, and clarity of presentation. The event will also include networking opportunities and catered food, allowing attendees to connect with student founders, innovators, and leaders across campus."
54843,Service Business Laurier Spikeball Tournament,Service Business Laurier (Waterloo),Sport/Competition,29 March,"Sun, 29 Mar 2026 1:00 PM","Sun, 29 Mar 2026 4:00 PM","Ansley Alumni Field, University Avenue West, Waterloo, ON, Canada",Join Service Business Laurier for our annual Spikeball Tournament in support of the Canadian Cancer Society! Teams will compete in a tournament style bracket with prizes awarded to the winners. Open to all Laurier students. Limited team spots available.
56951,Laurier Computing Society Hackathon,Laurier Computing Society (LCS) (Waterloo),Sport/Competition,29 March,"Sun, 29 Mar 2026 1:00 PM","Sun, 29 Mar 2026 10:00 PM","Wilfrid Laurier University Waterloo Campus, University Avenue West, Waterloo, ON, Canada","This is a hackathon hosted by our club that will be a low scale hackathon. Be prepared for amazing prizes, snacks, and show off your coding. designing, and prototyping skills!"
51931,Greek Independence Day Parade ,Hellenic Students Association (Waterloo),Party/BBQ/Social,29 March,"Sun, 29 Mar 2026 1:30 PM","Sun, 29 Mar 2026 5:30 PM","30 Thorncliffe Park Drive, East York, ON, Canada","The Greek Independence Day Parade is a vibrant celebration of Greek history and culture, featuring traditional music, dance, colourful costumes, and community organizations marching through the streets in honour of 1821. The event brings together families, students, and cultural groups to celebrate heritage, unity, and pride. The Hellenic Students Association (HSA) will be proudly participating in this year’s parade, representing our community and celebrating our shared traditions. If you want to support Greek Independence Day, join HSA!"
49795,LCG Networking Mixer,Laurier Consulting Club (LCC) (Waterloo),Industry/Career,29 March,"Sun, 29 Mar 2026 2:00 PM","Sun, 29 Mar 2026 5:00 PM","Wilfrid Laurier University Waterloo Campus, University Avenue West, Waterloo, ON, Canada","Curious about consulting and want to see what LCG is all about? Join us on March 29th from 2:00-5:00PM at the LCG Networking Mixer for a chance to see real consulting work in action and connect directly with industry professionals. Top LCG teams will present their strategic recommendations from the term to representatives from leading consulting firms, giving attendees an inside look at how consulting projects are developed and delivered.This event is a valuable opportunity to learn more about the club, network with current consultants and firm representatives, and increase visibility when applying for Consultant or Associate roles in the upcoming term. Whether you’re exploring consulting or looking to stand out, this mixer offers meaningful connections, real insights, and a strong first step into the consulting space."
52749,FURC 2026 Keynote- Dr. Roberta Bondar,FOSSA,Industry/Career,29 March,"Sun, 29 Mar 2026 7:00 PM","Sun, 29 Mar 2026 8:00 PM","Wilfrid Laurier University Waterloo Campus, University Avenue West, Waterloo, ON, Canada","We are thrilled to announce that Dr. Roberta Bondar will be the keynote speaker for this year’s FOSSA Undergraduate Research Conference! Dr. Bondar, the first Canadian woman and the world’s first neurologist in space , will be joining us to share reflections on her remarkable career at the intersection of neuroscience, medicine, and space exploration. She will also speak to the next generation of researchers about the future of science, innovation, and discovery."
51350,Sunday Game Night! ,GHG,Other,29 March,"Sun, 29 Mar 2026 9:00 PM","Sun, 29 Mar 2026 11:59 PM",Online Event,"In addition to our regular Friday Game Night, the club will be implementing another one every Sunday! During this event, we will playing games including, but not limited to, Jackbox, Gartic Phone, Just Act Natural, and much more! We look forward to seeing everyone at this new event!"
56649,FOMSA's Gotcha!,FOMSA,Other,30 March,"Mon, 30 Mar 2026 8:00 AM","Tue, 7 Apr 2026 4:00 PM","Wilfrid Laurier University Waterloo Campus, University Avenue West, Waterloo, ON, Canada","FOMSA is inviting you to play a campus-wide game of Gotcha.Registration will take place Friday, March 28th from 10:00 AM – 12:00 PM on the third floor of the Savaas Chamberlain Music Building. Drop by the FOMSA booth to sign up! There’s a $2 registration fee (to help cover the cost of the mystery prize), and you’ll need to provide your mylaurier email and a photo of yourself (you can take one on the spot). You’ll also receive a personalized sheet of stickers with your initials, these are how you’ll officially tag your targets once the game begins.After registration closes, the FOMSA exec team will spend the weekend assigning targets. You’ll receive your first target by email no later than 4:00 PM on Sunday, March 30th, 2025. The game runs from 8:00 AM on March 31st, 2025 until 4:00 PM on April 4th, 2025. The winner will be announced and receive their prize at the FOMSA Formal on the evening of April 4th."
56494,FOMSA Spirit Week,FOMSA,Other,30 March,"Mon, 30 Mar 2026 8:00 AM","Fri, 3 Apr 2026 8:00 PM","Wilfrid Laurier University Waterloo Campus, University Avenue West, Waterloo, ON, Canada","FOMSA Spirit Week is coming up from March 30th to April 3rd — time to show off your creativity and faculty pride! Participate in as many days as you’d like and earn bonus points in GOTCHA! just for participating!Monday, March 30: Dress up as a prof/twin day!Tuesday, March 31: Weird accessory day!Wednesday, April 1: Anything but a backpack day!Thursday, April 2: Dress as your instrument day!Friday, April 3: Dress as your favourite composer day!"
48521,FOSSA Fuel ,FOSSA,Other,30 March,"Mon, 30 Mar 2026 9:00 AM","Mon, 30 Mar 2026 11:00 AM","75 University Ave W, Waterloo, ON N2L 3C5","FOSSA will be hosting a FOSSA Fuel Event on Monday February 2,9,23 and Monday March 2,9,16,23 and 30 from 9:00 am to 11:00 am in the Science Atrium. This event is designed to ensure students get the proper nutrition to fuel their studies. The goal is to promote student wellness, support students, reduce stress, and foster community engagement within the Faculty of Science."
57312,Project Sunshine Cookie Bake Sale,PS Laurier,Other,30 March,"Mon, 30 Mar 2026 10:00 AM","Mon, 30 Mar 2026 4:00 PM","Wilfrid Laurier University Waterloo Campus, University Avenue West, Waterloo, ON, Canada","Come support Project Sunshine at our cookie bake sale! Stop by and enjoy delicious cookies while helping raise funds and awareness for an organization dedicated to supporting children facing medical challenges. It’s a fun way to treat yourself, connect with others, and contribute to a meaningful cause."
57331,Krispy Kreme Drive TCF Laurier,The Citizens Foundation - Laurier Chapter (TCF) (Waterloo),Other,30 March,"Mon, 30 Mar 2026 10:00 AM","Mon, 30 Mar 2026 4:00 PM","Wilfrid Laurier University Waterloo Campus, University Avenue West, Waterloo, ON, Canada","Krispy Kreme Fundraiser! Craving something sweet? Come grab a Classic Glazed Krispy Kreme donut at the TCF Laurier Krispy Kreme Drive in the Concourse on March 30th from 10 AM – 4 PM! Every donut you buy helps make a difference, all proceeds go directly to TCF’s foundation, supporting education initiatives for children in rural areas of Pakistan. 📚✨ Stop by between classes, bring your friends, and treat yourself while supporting a great cause. Swing by while quantities last!"
57368,Glioblastoma Research Fundraising Event,Society for Undergraduate Research and Outreach (SURO) (Waterloo),Other,30 March,"Mon, 30 Mar 2026 11:00 AM","Mon, 30 Mar 2026 3:00 PM","Waterloo, ON, Canada","Join us for a sweet way to support an important cause at our glioblastoma research fundraiser. Glioblastoma is one of the most aggressive and challenging forms of brain cancer, and continued research is essential to improving treatments and outcomes for patients. To help contribute to this effort, we will be selling delicious Crumbl cookies, with all proceeds going toward supporting glioblastoma research. Stop by, enjoy a fresh cookie, and take a moment to learn more about the impact of brain cancer and the importance of ongoing research. Every cookie purchased helps raise awareness and brings us one step closer to advancing research that can make a difference in the lives of patients and families affected by glioblastoma. Come support the cause, treat yourself to something sweet, and help us turn small actions into meaningful change."
56929,Case Handout,CASEC,Party/BBQ/Social,30 March,"Mon, 30 Mar 2026 12:00 PM","Mon, 30 Mar 2026 12:00 PM","Wilfrid Laurier University Waterloo Campus, University Avenue West, Waterloo, ON, Canada","Do you have what it takes to be a detective?Put your instincts to the test and come visit us in the concourse, where we’ll be handing out mini cases, detective keychains, puzzles, and more."
57162,Flow & Know,Healthy Hawks (Waterloo),Other,30 March,"Mon, 30 Mar 2026 2:30 PM","Mon, 30 Mar 2026 4:00 PM","Wilfrid Laurier University Waterloo Campus, University Avenue West, Waterloo, ON, Canada","Join us for Flow & Know, a fun trivia and yoga event! Answer some trivia questions, followed by some peaceful yoga and finish with some snacks and giveaway prizes."
56015, Political Science Master's Program Session,Association of Political Science Students (APSS),Other,30 March,"Mon, 30 Mar 2026 3:00 PM","Mon, 30 Mar 2026 4:30 PM","Wilfrid Laurier University Waterloo Campus, University Avenue West, Waterloo, ON, Canada","Laurier Political Science Master's Program Information Session, for students who are interested in applying for there master’s"
57485,Bingo Night!,Peace by Piece Laurier,Quiz/Trivia,30 March,"Mon, 30 Mar 2026 5:30 PM","Mon, 30 Mar 2026 7:30 PM","Wilfrid Laurier University Waterloo Campus, University Avenue West, Waterloo, ON, Canada","Join us for a fun Bingo and Trivia Night in celebration of Women’s History Month as we wrap up the semester! This event is open to everyone and is meant to be a relaxed night to hang out, play some games, and celebrate the achievements and impact of women throughout history. There will be bingo, trivia, and food, so come ready to have fun, test your knowledge, and spend time with friends before the semester ends. Whether you’re competitive or just looking for a chill way to take a break from school, everyone is welcome."
57682,Open-Mic for Palestine,Wilfrid Laurier Palestinan Justice Club,Other,30 March,"Mon, 30 Mar 2026 6:00 PM","Mon, 30 Mar 2026 11:00 PM","University of Waterloo, Student Life Centre, University Avenue West, Waterloo, ON, Canada","Join us for a Stay Woke, Laurier PJC, UW VFP and NASA collaboration open mic where we encourage you to Speak Your Truth on all things Palestine. We invite you all to find community during this time as we are filled with grief, anger, sadness and utter horror for what we are witnessing in Gaza. Drinks and snacks will be served. This is a free event open to all UW and WLU students, alumni, and community members."
56477,Tarot Decoded ,BEYOND,Party/BBQ/Social,30 March,"Mon, 30 Mar 2026 6:00 PM","Mon, 30 Mar 2026 8:15 PM","Waterloo, ON, Canada","Tarot Decoded is an educational workshop exploring tarot as a symbolic and interpretive system rather than fortune-telling. The event approaches tarot through symbolism, archetypes, cultural history, and psychological interpretation, encouraging critical thinking and symbolic literacy.We are hosting a professional tarot reader with over 20 years of experience, who will lead the session for approximately two hours. The speaker will:Present on the structure and history of tarot (Major and Minor Arcana)Explain archetypes and symbolic imagery within the cardsDiscuss ethical considerations in interpretationLead interactive exercises to practice symbolic readingFacilitate group discussion and Q&AThe remaining time will include an opening context-setting introduction and a closing reflection period."
49819,General Meetings,WLU Piano Forum (Waterloo),Other,30 March,"Mon, 30 Mar 2026 6:00 PM","Mon, 30 Mar 2026 8:00 PM","Wilfrid Laurier University Waterloo Campus, University Avenue West, Waterloo, ON, Canada","Join the WLU Piano Forum for our weekly club meetings on Mondays at 6:00pm, room M4031 in the Savvas Chamberlain Music Building!All attendees are welcome to perform and discuss any music they have prepared for other club members, with the option to receive constructive advice about their playing - musicians of all skill levels with interests of all kinds are welcome to join.We look forward to seeing you there and being able to share our love of music with everyone that attends!"
52480,FOSSA x COCA Easter Egg Hunt ,FOSSA,Other,30 March,"Mon, 30 Mar 2026 6:00 PM","Mon, 30 Mar 2026 7:30 PM","Wilfrid Laurier University Waterloo Campus, University Avenue West, Waterloo, ON, Canada",FOSSA and COCA are partnering up for an Easter Egg Hunt Fundraiser. Students will search the science atrium for chocolate easter eggs and the winner will get a gift card.
50407,International Education Studies Year End Formal ,International Education Studies Students Association (IESSA) (Waterloo),Ball/Dinner/Gala,30 March,"Mon, 30 Mar 2026 7:00 PM","Mon, 30 Mar 2026 10:00 PM","75 University Avenue West, Waterloo, ON, Canada","This is the year-end celebratory event for the International Education Studies Student Association, where IES students are encouraged to come out and connect with their peers and faculty members, bid farewell to our Third-years heading out on their placements, and send their best wishes to the graduating fourth-years! This year, we will also be raising money for CanTeach Connections, a registered charity organization determined to provide quality English education to adults and young learners in El Salvador! We have plenty of activities planned for the night and we look forward to seeing you there!"
49861,Animal Origami Night,LOC,Other,30 March,"Mon, 30 Mar 2026 7:00 PM","Mon, 30 Mar 2026 9:30 PM","75 University Avenue West, Waterloo, ON, Canada","Join Laurier Origami Club, Laurier Animal Rescue, and KW Pet Aid Club for a night of origami, documentaries, and chill vibes! Learn how to make animal models, watch an animal documentary, or just come and vibe out:)"
56229,Murder Mystery,ESA,Other,30 March,"Mon, 30 Mar 2026 7:00 PM","Mon, 30 Mar 2026 9:30 PM","75 University Avenue West, Waterloo, ON, Canada","The event will be an English themed murder mystery game! Come with your friends to test your knowledge, solve the mystery, and beat other groups to win a prize!"
56363,Dental Care Package ,Pre-Dental Society (Waterloo),Other,30 March,"Mon, 30 Mar 2026 7:00 PM","Mon, 30 Mar 2026 10:00 PM","75 University Ave W, Waterloo, ON N2L 3C5, Canada","Join the Pre-Dental Society at Laurier for our Dental Care Package Event! This event brings students together to assemble dental care packages that will be distributed to individuals in need within our community. Each package will include essential oral hygiene items such as toothbrushes, toothpaste, floss, and other dental care products to help promote better oral health. Oral health is an important part of overall health, yet many people face barriers to accessing basic dental supplies. Come out, help us create care packages, and contribute to promoting healthier smiles in our community!"
50708,BOTM Book Talk: March Edition,Laurier Book Club (Waterloo),Party/BBQ/Social,30 March,"Mon, 30 Mar 2026 7:00 PM","Mon, 30 Mar 2026 7:00 PM","Wilfrid Laurier University Waterloo Campus, University Avenue West, Waterloo, ON, Canada","Title: BOTM Book Talk: March Edition Time: 7:00–10:00 PM Location: Classroom Description: Laurier Book Club invites students to a guided discussion of our March Book of the Month. This event provides a relaxed space for thoughtful conversation, reflection, and connection with fellow readers. No prior book club experience required."
56679,PC132 Final Exam Review,Physics Students Initiative,Other,30 March,"Mon, 30 Mar 2026 7:00 PM","Mon, 30 Mar 2026 9:00 PM","Wilfrid Laurier University Waterloo Campus, University Avenue West, Waterloo, ON, Canada","Worried about exams? Don't be! We've got your back. Join us for a first-year physics final exam review session! Bring your questions, we've got the snacks!"
50355,Pause & Play: A Stress-Free Game Night,MedSci Undergraduate Research Association (MURA) (Waterloo),Other,30 March,"Mon, 30 Mar 2026 7:00 PM","Mon, 30 Mar 2026 8:30 PM","Wilfrid Laurier University Waterloo Campus, University Avenue West, Waterloo, ON, Canada","Need a break from stress? Come hang out at Game Night, a fun, low-pressure destressor packed with games, snacks, and good vibes. Whether you’re into board games, card games, or just chilling with friends, there’s something for everyone. Plus, stick around for our raffle/giveaway for a chance to win prizes! Time to play and unwind."
49411,Reoccurring Weekly Meetings,MUN,Other,30 March,"Mon, 30 Mar 2026 7:30 PM","Mon, 30 Mar 2026 9:30 PM","75 University Avenue West, Waterloo, ON, Canada",We will provide training on Model UN procedure to club members in a brief presentation followed by practice.
57369,Serenity's Easter Event,Serenity,Party/BBQ/Social,30 March,"Mon, 30 Mar 2026 7:30 PM","Mon, 30 Mar 2026 9:30 PM","Wilfrid Laurier University Waterloo Campus, University Avenue West, Waterloo, ON, Canada",
57454,HopeSpring Breakfast-To-Go,HopeSpring Laurier (Waterloo),Other,31 March,"Tue, 31 Mar 2026 9:00 AM","Tue, 31 Mar 2026 11:00 AM","Science Building, Waterloo, ON, Canada","HopeSpring’s Breakfast-To-Go is designed to support student wellness by offering a quick, accessible, and inclusive way to grab breakfast on the go. Students can stop by, pick up a breakfast item, and fuel their busy day of classes, work, and activities."
48598,Laurier Art Showcase 2026!,WLU Art Showcase (Waterloo),Ball/Dinner/Gala,31 March,"Tue, 31 Mar 2026 10:00 AM","Tue, 31 Mar 2026 7:00 PM","Welcome Centre, Peters Building, Wilfrid Laurier University, University Avenue West, Waterloo, ON, Canada","The annual Laurier Art Showcase featuring art of all different mediums created by the Laurier/Waterloo community. Everyone/anyone is welcome to join this celebration of creativity, art, and the physical manifestation of the human experience. Welcome!"
57539,Giloblastoma Research Fundraiser Day 2,Society for Undergraduate Research and Outreach (SURO) (Waterloo),Other,31 March,"Tue, 31 Mar 2026 11:00 AM","Tue, 31 Mar 2026 4:00 PM","Wilfrid Laurier University Waterloo Campus, University Avenue West, Waterloo, ON, Canada","Join us for a sweet way to support an important cause at our glioblastoma research fundraiser. Glioblastoma is one of the most aggressive and challenging forms of brain cancer, and continued research is essential to improving treatments and outcomes for patients. To help contribute to this effort, we will be selling delicious Crumbl cookies, with all proceeds going toward supporting glioblastoma research.Stop by, enjoy a fresh cookie, and take a moment to learn more about the impact of brain cancer and the importance of ongoing research. Every cookie purchased helps raise awareness and brings us one step closer to advancing research that can make a difference in the lives of patients and families affected by glioblastoma.Come support the cause, treat yourself to something sweet, and help us turn small actions into meaningful change."
55543,WLU Pre-Medical Society Fundraiser,PMS,Other,31 March,"Tue, 31 Mar 2026 12:00 PM","Thu, 2 Apr 2026 3:00 PM","Science Building, Waterloo, ON, Canada","The WLU Pre-Medical Society is proud to host a special fundraising event dedicated to expanding access to education for children in Kenya. As future healthcare professionals, we recognize that health and education are deeply interconnected. All proceeds from this event will go directly toward supporting school fees, learning materials, and essential educational resources for children who face financial barriers to attending school. By participating, you are helping provide students with the opportunity to learn, grow, and build brighter futures for themselves and their communities.Join us as we come together to make a meaningful global impact. Every ticket purchased, every donation made, and every show of support brings us one step closer to opening classroom doors for children who deserve the chance to thrive."
57488,Mesa run & bake for charity,Middle Eastern Students Association (MESA) (Waterloo),Other,31 March,"Tue, 31 Mar 2026 12:13 PM","Tue, 31 Mar 2026 3:00 PM","Waterloo, ON, Canada","Join MESA for a Run & Bake for Charity, a fun community event where students come together to stay active and support a good cause. Participants can enjoy a relaxed group run followed by a bake sale filled with homemade treats. All proceeds from the baked goods will go toward charity, making it a great way to give back while spending time with friends.Whether you want to run, grab a snack, or just stop by to support the cause, everyone is welcome. Come out, meet new people, enjoy some good food, and help us make a positive impact together. 🏃‍♂️🍪"
56889,Pilates & Peace,Golden Minds,Class/Workshop,31 March,"Tue, 31 Mar 2026 3:00 PM","Tue, 31 Mar 2026 4:00 PM","Wilfrid Laurier University Waterloo Campus, University Avenue West, Waterloo, ON, Canada","Take a break and join us for a relaxing Pilates session focused on movement, balance, and mental wellbeing. This beginner friendly class will help reset both your body and mind. All experience levels are welcome."
57801,Marillac Place Guest Speaker,Laurier Homeless Care Initiative (LHCI) (Waterloo),Other,31 March,"Tue, 31 Mar 2026 4:00 PM","Tue, 31 Mar 2026 9:00 PM","75 University Avenue West, Waterloo, ON, Canada","We will be hearing from a guest speaker from the Marillac Place, which is a women's shelter in Kitchener, to understand how they support new mothers and mothers-to-be who are experiencing homelessness."
56146,Sustainability Paint Night,Anatolia Laurier (Waterloo),Other,31 March,"Tue, 31 Mar 2026 5:00 PM","Tue, 31 Mar 2026 7:00 PM","Wilfrid Laurier University Waterloo Campus, University Avenue West, Waterloo, ON, Canada",The club will host a paint night where participants will decorate reusable tote bags and plant pots. The event promotes creativity while encouraging sustainable practices through the use of reusable items.
55538,Game Night,AIS,Party/BBQ/Social,31 March,"Tue, 31 Mar 2026 5:00 PM","Tue, 31 Mar 2026 10:00 PM","Wilfrid Laurier University Waterloo Campus, University Avenue West, Waterloo, ON, Canada","Get ready for an unforgettable night full of laughter, friendly competition, and delicious chaos! Join us for Indian Club Games Night, where tradition meets pure fun 🎉We’re bringing all the vibes with classic games like Carrom (bring your sharpest striker skills 👀) and an exciting Pani Puri Speed Challenge 🌶️🥔 — because what’s a Desi event without a little spice and competitive energy?✨ What to expect:🔥 Carrom tournaments (winner takes bragging rights!)🌶️ Pani Puri eating competition (speed + spice tolerance required!)🎯 Mini team challenges & surprise games🎶 Bollywood music and high-energy atmosphere🤝 A chance to meet new people and celebrate Indian culture togetherWhether you're competitive, just here for the food, or simply want to hang out with friends, this night is for YOU. No experience needed — just bring your energy and your appetite!Come for the games, stay for the vibes!"
56065,French Club Movie Night ,Sir Wilfrid Laurier French Club,Other,31 March,"Tue, 31 Mar 2026 6:00 PM","Tue, 31 Mar 2026 8:05 PM","75 University Avenue West, Waterloo, ON, Canada","French Club Movie Night is an opportunity for students to engage with French language and culture through film. The event will feature a French-language movie with English subtitles, allowing both French learners and non-speakers to enjoy and understand the film. This event is designed to provide cultural exposure beyond the classroom in a relaxed and welcoming environment. Attendees will gain insight into French society, traditions, humor, and perspectives through authentic media. Watching a film in its original language also supports listening skills and cultural awareness in an engaging, low-pressure setting. In addition to the educational value, the event offers a chance for students to connect with peers who share an interest in French language and culture. French Club Movie Night combines cultural enrichment with social engagement, making it a meaningful and enjoyable experience for all participants."
55181,Soco Hoco | Winter Social 2026,Laurier BSA,Other,31 March,"Tue, 31 Mar 2026 6:30 PM","Tue, 31 Mar 2026 8:30 PM","Senate and Board Chamber, Wilfrid Laurier University","We are excited to host a Social/Networking event to connect with other students from all backgrounds with networking opportunities and fun activities.Dress Code: Semi-Formal/Casual-FormalInterested to participate in Open Mic and win prizes? Fill out this form and we will reach out to you!This event will be themed to be an elevated semi-formal space and include light games, open-mic talent show, food (appetizers, desserts and drinks), and giveaway baskets. Event Itinerary:🕕 Arrival & Welcome Check-in Light snacks available Casual mingling 🍽️ Food & Refreshments Appetizers Desserts Drinks 🧩 Networking Opportunity to make new connections 🍪 Fun Group Games🎤 Open Mic Talent Show Students can sign up in advance for showcasing talent e.g. singing, comedy, etc. Best voted performers win prizes 🌸 Cultural Showcase & External Vendor Booths Opportunity to showcase small businesses or promote clubs / culture 🧺 Raffle Prizes All event attendees will receive a raffle ticket as part of their entry ticket Opportunity to win gift baskets and prizes"
57325,CP164 Final Review Session,Laurier Computing Society (LCS) (Waterloo),Class/Workshop,31 March,"Tue, 31 Mar 2026 7:30 PM","Tue, 31 Mar 2026 9:00 PM","Wilfrid Laurier University Waterloo Campus, University Avenue West, Waterloo, ON, Canada","An interactive final review session for computer science students taking the essential second year course, Data Structures (CP164). It offers a unique opportunity to review key concepts and engage with the material in a lively and interactive format. Participants can look forward to refreshing their knowledge!"
54666,Biology Family Feud,Laurier Biology Association (Waterloo),Quiz/Trivia,31 March,"Tue, 31 Mar 2026 8:00 PM","Tue, 31 Mar 2026 9:00 PM","Wilf's, University Avenue West, Waterloo, ON, Canada","Biology Family Feud is a fun game-show style event where teams compete against each other to answer biology-related questions and surveys. While playing, everyone can enjoy free food, bring friends, and see which team knows their biology best."
51819,General Meetings,Laurier Investment and Finance Association (LIFA) (Waterloo),Industry/Career,31 March,"Tue, 31 Mar 2026 9:00 PM","Tue, 31 Mar 2026 10:00 PM","Lazaridis School of Business and Economics, University Avenue West, Waterloo, ON, Canada","Our General Meetings are the cornerstone to our programming activities and is open to any Laurier student looking to get introduced, involved or connected into the finance and related industries. Weekly lessons are taught by some of Laurier's brightest and are designed to give LIFA members a strong understanding of businesses through a financial lens. The goal of our General Meeting sessions is to create a strong ecosystem of students working towards careers in finance."
56311,Mystery Improv Night,LMT,Other,31 March,"Tue, 31 Mar 2026 10:00 PM","Tue, 31 Mar 2026 11:59 PM",Online Event,"When you arrive, you’ll be given a character. From that moment on, you stay in character all night. You are all part of a play rehearsal. Or at least… you think you are. Commit fully. Trust your instincts. Something unexpected is coming."
55397,Stem Cell Drive,Get Swabbed At Laurier (Waterloo),Other,1 April,"Wed, 1 Apr 2026 8:00 AM","Wed, 1 Apr 2026 4:30 PM","Dr Alvin Woods Building (DAWB), Waterloo, ON, Canada",Do you want to help potentially save a life? Come to the concourse and participate in Get Swabbed's stem cell drive! It only takes 5 minutes.
53275,The Data Minds Challenge 26 (Presentations),Laurier Analytics Society (LAS) (Waterloo),Other,1 April,"Wed, 1 Apr 2026 8:00 AM","Wed, 1 Apr 2026 5:00 PM","Waterloo, ON, Canada","The Data Minds Challenge is a five-day hybrid datathon and tech conference hosted by the Laurier Analytics Society. The event brings together students to collaborate on real-world data and technology challenges through mentorship, skill-building sessions, and structured networking opportunities.The program includes a live kickoff day on campus, several days of remote mentored work, and a final in-person showcase where teams present their solutions. Designed to bridge academic learning with industry application, the event provides students with hands-on experience in problem-solving, teamwork, and professional communication."
49096,Breakfast on AUS,AUS,Other,1 April,"Wed, 1 Apr 2026 9:00 AM","Wed, 1 Apr 2026 12:00 PM","75 University Ave W, Waterloo, ON N2L 3C5, Canada",Breakfast on AUS
56073,Dough for a Difference,WLU Global Brigades,Other,1 April,"Wed, 1 Apr 2026 11:00 AM","Wed, 1 Apr 2026 3:00 PM","Wilfrid Laurier University Waterloo Campus, University Avenue West, Waterloo, ON, Canada","Dough for a Difference is a fundraising initiative hosted by WLU Global Brigades in partnership with Maverick’s Donuts. Pre-packaged donuts will be sold on campus to raise funds in support of our global health initiatives and upcoming brigade programming. The goal of this event is to increase awareness of Global Brigades while generating financial support for sustainable healthcare and public health efforts in partner communities. This initiative offers students an accessible way to support global health advocacy through a simple, community-driven fundraiser."
57453,How To Survive Finals,Kin Kouncil (Waterloo),Other,1 April,"Wed, 1 Apr 2026 12:30 PM","Wed, 1 Apr 2026 3:30 PM","Science Building, Waterloo, ON, Canada","Kin Kouncil will host a pop-up booth in the Science Atrium during finals season, where students can take a quick break from studying, grab a snack or drink, and pick up a Finals Survival tip sheet with study tips and wellness reminders. Kin Kouncil executives will be present to chat with students, share advice, and help create a supportive space during a stressful time of the term."
56920,Latch-hook Lounge,Sew Laurier,Class/Workshop,1 April,"Wed, 1 Apr 2026 1:00 PM","Wed, 1 Apr 2026 5:00 PM","75 University Avenue West, Waterloo, ON, Canada","Date: April 1st, 2026 (Yes you are not reading that wrong) Time: 2–6 PM (drop‑in) Location: TBD Materials + free snacks provided Want a break from the ads? Want to turn your favourite pixel art into something you can actually touch? Want to try something similar to cross stitch?Come hang out at our Latch Hook Lounge, where we’ll be making mini latch‑hook pieces, think fluffy, colourful squares that bring pixel art to life. Whether you want to make a cute coaster, a tiny wall piece, or just try latch hooking for the first time, we’ve got everything you need. No experience required; it’s literally just pulling yarn through a grid. Very therapeutic. Come socialize, craft, snack, or just chill. You’re welcome to drop in, work on personal projects, study, or vibe with everyone else who’s procrastinating in a wholesome way. Stay for ten minutes or the whole time, totally up to you."
53261,Career and Development night,Association of Political Science Students (APSS),Industry/Career,1 April,"Wed, 1 Apr 2026 5:00 PM","Wed, 1 Apr 2026 6:30 PM","Wilfrid Laurier University Waterloo Campus, University Avenue West, Waterloo, ON, Canada","A unique experience, as students hear from 3-5 political science alumni and there journey's."
54286,Pub Night,Sussex Association at Laurier (Waterloo),Other,1 April,"Wed, 1 Apr 2026 5:00 PM","Wed, 1 Apr 2026 8:00 PM","Wilfrid Laurier University Waterloo Campus, University Avenue West, Waterloo, ON, Canada",Join us for a pub themed night at Wilfs! This is a great opportunity to get to know other people in the Sussex program and enjoy Wilfs' catering! Come with a table group for our UK themed trivia or come solo and be put with a group. This will be a fun and lively event that is free for everyone to enjoy! Be sure to purchase a ticket (free of charge) to secure your spot. Walk ins are welcome but will not be guaranteed a seat.
50706,Spring Fling: Easter Egg Painting & Hunt,Laurier Book Club (Waterloo),Party/BBQ/Social,1 April,"Wed, 1 Apr 2026 7:00 PM","Wed, 1 Apr 2026 10:00 PM","Wilfrid Laurier University Waterloo Campus, University Avenue West, Waterloo, ON, Canada","Title: Spring Fling: Easter Egg Painting & Hunt Time: 7:00–10:00 PM Location: Hawk’s Nest Description: Celebrate the season with Laurier Book Club at our Easter-themed social featuring egg painting, a lighthearted egg hunt, and spring-inspired activities. This event focuses on creativity, community, and fun in a relaxed environment. Dinner and materials will be provided."
56643,banh mi night,Laurier Vietnamese Students Association (LVSA) (Waterloo),Other,1 April,"Wed, 1 Apr 2026 7:00 PM","Wed, 1 Apr 2026 9:00 PM","Wilfrid Laurier University Waterloo Campus, University Avenue West, Waterloo, ON, Canada","Join us for a fun Banh Mi Night! Come hang out, meet new, people, and take part in some exciting games and activities with fellow members of the community. We'll be playing a variety of interactive games throughout the evening, so bring your friends and competitive spirit. To wrap up the night, we'll be giving out free banh mi for everyone to enjoy. It's the perfect chance to relax, have some laughs, and enjoy a classic Vietnamese sandwich with great company. Banh mi may be limited so make sure to come and secure your spot! We hope to see you there!"
57835,Build Your Own Bouquet with AUS,AUS,Other,2 April,"Thu, 2 Apr 2026 11:30 AM","Thu, 2 Apr 2026 2:30 PM","Wilfrid Laurier University Waterloo Campus, University Avenue West, Waterloo, ON, Canada","On April 2nd from 11:30am-2:30pm, join AUS for a Build Your Own Bouquet event! We will have lots of exciting flowers to choose from!"
57802,SAME End of Year Picnic,Students Association of Music Educators (SAME) (Waterloo),Party/BBQ/Social,2 April,"Thu, 2 Apr 2026 1:00 PM","Thu, 2 Apr 2026 4:00 PM","50 Young Street West, Waterloo, ON, Canada","Join SAM-E for our end of year picnic! Fun and games at Waterloo park to celebrate the end of the year, and new beginnings for all those who are graduating this year. We will have lawn games and music!"
51270,PS102 Exam Trivia,Laurier Psychology Society (Waterloo),Quiz/Trivia,2 April,"Thu, 2 Apr 2026 6:00 PM","Thu, 2 Apr 2026 8:00 PM","75 University Avenue West, Waterloo, ON, Canada","Our PS102 Trivia night is an opportunity to study for your exam in a comfortable, informative, and fun environment! Catered snacks provided, and winners can earn gift cards! With the Laurier Psychology Society, you also get the chance to learn more about the course content and psychology as a whole by getting help from psychology upper years on central psychology concepts!"
49180,Casino Night,Kin Kouncil (Waterloo),Ball/Dinner/Gala,2 April,"Thu, 2 Apr 2026 7:00 PM","Thu, 2 Apr 2026 10:00 PM","Senate and Board Chambers, Waterloo, ON, Canada","This Casino Night, on-campus social is intended to foster student engagement and peer connection. The event will include card games using non-monetary chips, great background music, and supervised activities by the Kouncil Executives. Food and drinks will be provided (still TBD). There will be no exchange of money, prizes, or betting, and all activities will comply with university policies and event guidelines."
52201,Weekly gathering,Power to Change,Party/BBQ/Social,2 April,"Thu, 2 Apr 2026 7:00 PM","Thu, 2 Apr 2026 9:00 PM","73 George St, Brantford, ON N3T 2Y3, Canada","This event is our group's weekly gathering where members of the group, and people interested in the group, can come together to take part in a bible study, worship, and prayer."
50843,Greek Egg-Painting,Hellenic Students Association (Waterloo),Party/BBQ/Social,2 April,"Thu, 2 Apr 2026 7:00 PM","Thu, 2 Apr 2026 9:00 PM","Wilfrid Laurier University Waterloo Campus, University Avenue West, Waterloo, ON, Canada","Join HSA and participate in traditional Greek Egg-Painting! Socialize, paint eggs, and have fun enjoying Greek culture!"
51930,Resound,Power to Change - Laurier (P2C) (Waterloo),Other,2 April,"Thu, 2 Apr 2026 7:00 PM","Thu, 2 Apr 2026 9:30 PM","Arts C Wing, Waterloo, ON, Canada","Welcome!Resound is our weekly gathering for anyone who wants to learn and grow in their understanding of Christianity. Join us Thursday at 7pm for a time of learning, worship and community! Want more info? Check out our instagram page @p2claurier for updates/more information."
57327,CP216 Final Review Session,Laurier Computing Society (LCS) (Waterloo),Class/Workshop,2 April,"Thu, 2 Apr 2026 7:30 PM","Thu, 2 Apr 2026 9:00 PM","Wilfrid Laurier University Waterloo Campus, University Avenue West, Waterloo, ON, Canada","An interactive final review session for computer science students taking the essential second year course, Microprocessors (CP216). It offers a unique opportunity to review key concepts and engage with the material in a lively and interactive format. Participants can look forward to refreshing their knowledge!"
57163,Silence of the Exams: Movie Night,Laurier BSA,Party/BBQ/Social,2 April,"Thu, 2 Apr 2026 7:30 PM","Thu, 2 Apr 2026 10:00 PM","Wilfrid Laurier University Waterloo Campus, University Avenue West, Waterloo, ON, Canada","The textbooks are piling up, the deadlines are looming, and that coffee is starting to taste like pure anxiety. It's time to escape the library.Join Laurier Bangladeshi Students' Association for a special edition of Silence of the Exams: Movie Night! We’re shutting out the stress and pressing play on a night of relaxation. Come hang out in the dark with us, enjoy some free popcorn and snacks, and take a break from the semester madness."
49425,Bible Study (DG),Power to Change - Laurier (P2C) (Waterloo),Class/Workshop,3 April,"Fri, 3 Apr 2026 3:00 PM","Fri, 3 Apr 2026 4:00 PM","75 University Avenue West, Waterloo, ON, Canada",Weekly Bible studies to grow spiritually together!
51370,Weekly Games Night!,GHG,Party/BBQ/Social,3 April,"Fri, 3 Apr 2026 9:00 PM","Fri, 3 Apr 2026 11:00 PM",Online Event,A weekly game night where everyone can vote on what they'd like to play! Come join us in our discord server every Friday at 9pm to join!
55146,Demo Day,Virtual Reality Laurier (Waterloo),Industry/Career,4 April,"Sat, 4 Apr 2026 8:00 AM","Sat, 4 Apr 2026 5:00 PM","Wilfrid Laurier University Waterloo Campus, University Avenue West, Waterloo, ON, Canada","Step into the future of innovation at our VR Tech Challenge Event 🚀At the start of the event, participants will be given a real-world challenge to solve using virtual reality. Whether you're passionate about tech, design, or problem-solving, this is your chance to think creatively and push boundaries using immersive technology.Throughout the event, you'll collaborate, brainstorm, and build your solution—then present your idea to others. It’s not just about winning; it’s about learning, networking, and exploring what’s possible with VR.Why you should attend:Experience hands-on problem-solving with cutting-edge VR techShowcase your creativity and technical skillsConnect with like-minded innovators and industry enthusiastsGain valuable presentation and teamwork experienceCome ready to build, pitch, and be inspired. No matter your experience level, if you're curious about VR and innovation, this event is for you."
51351,Sunday Game Night! ,GHG,Other,5 April,"Sun, 5 Apr 2026 9:00 PM","Sun, 5 Apr 2026 11:59 PM",Online Event,"In addition to our regular Friday Game Night, the club will be implementing another one every Sunday! During this event, we will playing games including, but not limited to, Jackbox, Gartic Phone, Just Act Natural, and much more! We look forward to seeing everyone at this new event!"
58089,Photo Card Deco + Chill Study Session,SAKURA,Class/Workshop,6 April,"Mon, 6 Apr 2026 5:30 PM","Mon, 6 Apr 2026 8:00 PM","Wilfrid Laurier University Waterloo Campus, University Avenue West, Waterloo, ON, Canada",De-stress from finals season by decorating photo card top-loaders or chill and study in the room while enjoying snacks and the pleasant company. There will also be a hear me out cake being made digitally as a group for those who wish to participate.
49820,General Meetings,WLU Piano Forum (Waterloo),Other,6 April,"Mon, 6 Apr 2026 6:00 PM","Mon, 6 Apr 2026 8:00 PM","Wilfrid Laurier University Waterloo Campus, University Avenue West, Waterloo, ON, Canada","Join the WLU Piano Forum for our weekly club meetings on Mondays at 6:00pm, room M4031 in the Savvas Chamberlain Music Building!All attendees are welcome to perform and discuss any music they have prepared for other club members, with the option to receive constructive advice about their playing - musicians of all skill levels with interests of all kinds are welcome to join.We look forward to seeing you there and being able to share our love of music with everyone that attends!"
49405,Reoccurring Weekly Meetings,MUN,Other,6 April,"Mon, 6 Apr 2026 7:30 PM","Mon, 6 Apr 2026 9:30 PM","75 University Avenue West, Waterloo, ON, Canada",We will provide training on Model UN procedure and host MUN-style simulations to provide opportunities for practice.
51820,General Meetings,Laurier Investment and Finance Association (LIFA) (Waterloo),Industry/Career,7 April,"Tue, 7 Apr 2026 9:00 PM","Tue, 7 Apr 2026 10:00 PM","Lazaridis School of Business and Economics, University Avenue West, Waterloo, ON, Canada","Our General Meetings are the cornerstone to our programming activities and is open to any Laurier student looking to get introduced, involved or connected into the finance and related industries. Weekly lessons are taught by some of Laurier's brightest and are designed to give LIFA members a strong understanding of businesses through a financial lens. The goal of our General Meeting sessions is to create a strong ecosystem of students working towards careers in finance."
54831,Banquet ,Power to Change - Laurier (P2C) (Waterloo),Other,8 April,"Wed, 8 Apr 2026 5:00 PM","Wed, 8 Apr 2026 9:00 PM","Waterloo, ON, Canada","Join us for our End-of-Year Banquet as we celebrate the year with food, friends, and fun! Come reflect, hang out, and enjoy time together as a P2C fam!"
54761,LSFL Winter 2026 Volunteer Appreciation Event,Laurier Students for Literacy,Other,8 April,"Wed, 8 Apr 2026 6:00 PM","Wed, 8 Apr 2026 8:00 PM","One Market, Market Street, Brantford, ON, Canada",Join us for a pizza dinner in appreciation of your hard work this term! See you on April 8 from 6pm-8pm in the Level 1 Lounge!
51371,Weekly Games Night!,GHG,Party/BBQ/Social,10 April,"Fri, 10 Apr 2026 9:00 PM","Fri, 10 Apr 2026 11:00 PM",Online Event,A weekly game night where everyone can vote on what they'd like to play! Come join us in our discord server every Friday at 9pm to join!
51354,Sunday Game Night! ,GHG,Other,12 April,"Sun, 12 Apr 2026 9:00 PM","Sun, 12 Apr 2026 11:59 PM",Online Event,"In addition to our regular Friday Game Night, the club will be implementing another one every Sunday! During this event, we will playing games including, but not limited to, Jackbox, Gartic Phone, Just Act Natural, and much more! We look forward to seeing everyone at this new event!"
51353,Sunday Game Night! ,GHG,Other,12 April,"Sun, 12 Apr 2026 9:00 PM","Sun, 12 Apr 2026 11:59 PM",Online Event,"In addition to our regular Friday Game Night, the club will be implementing another one every Sunday! During this event, we will playing games including, but not limited to, Jackbox, Gartic Phone, Just Act Natural, and much more! We look forward to seeing everyone at this new event!"
51352,Sunday Game Night! ,GHG,Other,12 April,"Sun, 12 Apr 2026 9:00 PM","Sun, 12 Apr 2026 11:59 PM",Online Event,"In addition to our regular Friday Game Night, the club will be implementing another one every Sunday! During this event, we will playing games including, but not limited to, Jackbox, Gartic Phone, Just Act Natural, and much more! We look forward to seeing everyone at this new event!"
51821,General Meetings,Laurier Investment and Finance Association (LIFA) (Waterloo),Industry/Career,14 April,"Tue, 14 Apr 2026 9:00 PM","Tue, 14 Apr 2026 10:00 PM","Lazaridis School of Business and Economics, University Avenue West, Waterloo, ON, Canada","Our General Meetings are the cornerstone to our programming activities and is open to any Laurier student looking to get introduced, involved or connected into the finance and related industries. Weekly lessons are taught by some of Laurier's brightest and are designed to give LIFA members a strong understanding of businesses through a financial lens. The goal of our General Meeting sessions is to create a strong ecosystem of students working towards careers in finance."
